﻿<?xml version="1.0" encoding="UTF-8"?>
<ReleaseNotes>
	<Language value ="English">
		<Version value="What’s new in version 1.11.0" />
	  	<ReleasedOn value="Released on October 25th, 2022" />
	   	<FeaturesList value="">
			<Feature Message=""/>
			<Feature Message=""/>
		</FeaturesList>
		<BugFixesList value="Changes and Bug fixes">
			<Feature Message="Combined FW update and pairing flow for GSP 370"/>
			<Feature Message="Talk Time Indicator"/>
			<Feature Message="Clipping Indicator"/>
			<Feature Message=""/>
		</BugFixesList>
	</Language>
	<Language value="German">
		<Version value="What’s new in version 1.11.0" />
	  	<ReleasedOn value="Released on October 25th, 2022" />
	   	<FeaturesList value="">
			<Feature Message=""/>
			<Feature Message=""/>
		</FeaturesList>
		<BugFixesList value="Changes and Bug fixes">
			<Feature Message="Combined FW update and pairing flow for GSP 370"/>
			<Feature Message="Talk Time Indicator"/>
			<Feature Message="Clipping Indicator"/>
			<Feature Message=""/>
		</BugFixesList>
	</Language>
	<Language value="Russian">
		<Version value="What’s new in version 1.11.0" />
	  	<ReleasedOn value="Released on October 25th, 2022" />
	   	<FeaturesList value="">
			<Feature Message=""/>
			<Feature Message=""/>
		</FeaturesList>
		<BugFixesList value="Changes and Bug fixes">
			<Feature Message="Combined FW update and pairing flow for GSP 370"/>
			<Feature Message="Talk Time Indicator"/>
			<Feature Message="Clipping Indicator"/>
			<Feature Message=""/>
		</BugFixesList>
	</Language>
	<Language value ="Japanese">
		<Version value="WHAT’S NEW IN VERSION 1.7.1" />
		<Version value="What’s new in version 1.11.0" />
	  	<ReleasedOn value="Released on October 25th, 2022" />
	   	<FeaturesList value="">
			<Feature Message=""/>
			<Feature Message=""/>
		</FeaturesList>
		<BugFixesList value="Changes and Bug fixes">
			<Feature Message="Combined FW update and pairing flow for GSP 370"/>
			<Feature Message="Talk Time Indicator"/>
			<Feature Message="Clipping Indicator"/>
			<Feature Message=""/>
		</BugFixesList>
	</Language>
	<Language value ="Chinese">
		<Version value="What’s new in version 1.11.0" />
	  	<ReleasedOn value="Released on October 25th, 2022" />
	   	<FeaturesList value="">
			<Feature Message=""/>
			<Feature Message=""/>
		</FeaturesList>
		<BugFixesList value="Changes and Bug fixes">
			<Feature Message="Combined FW update and pairing flow for GSP 370"/>
			<Feature Message="Talk Time Indicator"/>
			<Feature Message="Clipping Indicator"/>
			<Feature Message=""/>
		</BugFixesList>
	</Language>
	<Language value ="Korean">
		<Version value="What’s new in version 1.11.0" />
	  	<ReleasedOn value="Released on October 25th, 2022" />
	   	<FeaturesList value="">
			<Feature Message=""/>
			<Feature Message=""/>
		</FeaturesList>
		<BugFixesList value="Changes and Bug fixes">
			<Feature Message="Combined FW update and pairing flow for GSP 370"/>
			<Feature Message="Talk Time Indicator"/>
			<Feature Message="Clipping Indicator"/>
			<Feature Message=""/>
		</BugFixesList>
	</Language>
	<Language value ="French">
		<Version value="What’s new in version 1.11.0" />
	  	<ReleasedOn value="Released on October 25th, 2022" />
	   	<FeaturesList value="">
			<Feature Message=""/>
			<Feature Message=""/>
		</FeaturesList>
		<BugFixesList value="Changes and Bug fixes">
			<Feature Message="Combined FW update and pairing flow for GSP 370"/>
			<Feature Message="Talk Time Indicator"/>
			<Feature Message="Clipping Indicator"/>
			<Feature Message=""/>
		</BugFixesList>
	</Language>
 </ReleaseNotes>